  {    "id": "5857673",    "reviewer_name": "Rachel",    "reviewer_id": "47669803",    "date": "2015/11/23",    "comments": "Eleonora's place is exactly as described, and literally the 6 train is a few steps from building which makes getting around Manhattan very easy, not to mention the bus stop is directly across the street. My only regret is that I did not book this place for my entire stay while in NY.  Eleonora was quick to respond to any questions and was very accommodating. I would definitely stay here again and highly recommend it.",    "host_name": "Eleonora",    "host_id": "3142063"   } 
