  {    "id": "559118",    "reviewer_name": "Debora",    "reviewer_id": "3179471",    "date": "2012/08/18",    "comments": "Robert was a WONDERFUL host, extremely flexible when we arrived later than planned, and he even let us leave our bags at his house all day long the day after our night in his apartment, and pick them up just before we went to the train station.  The apartment is on a charming, quiet and tree-lined stretch of street but just a few blocks from Times Square and a bit further to Penn Station.  Very convenient to subway and easy to catch taxis in front of or just around corner from apartment.  The air conditioner worked EXTREMELY well (much appreciated, as the weather was muggy and HOT); the bed was very comfortable; and Blazer (the incredibly personable dog) was fun and friendly.  We even enjoyed walking up to the 6th floor -- a real NY experience!  Thanks, Robert; we'd love to stay with you again if our paths bring us back to NYC!",    "host_name": "Robert",    "host_id": "2743623"   } 
