  {    "id": "7095125",    "reviewer_name": "Paolo",    "reviewer_id": "14465719",    "date": "2015/11/03",    "comments": "Siamo stati benissimo! L'appartamento è' situato in una posizione strategica, a due passi da 3 linee diverse della metro, a due passi da soho !! La casa è' pulitissima il letto grande e comodo. Ottima anche la doccia. Certo si deve accettare di condividere un solo bagno con il proprietario, ma non ve ne accorgerete nemmeno!",    "host_name": "Candy",    "host_id": "36656552"   } 
