  {    "id": "7095125",    "reviewer_name": "Corinne",    "reviewer_id": "52686023",    "date": "2016/01/03",    "comments": "I absolutely loved staying in Candy's apartment for the duration of my stay. To begin with, Candy is a very warm-hearted person with remarkable cleaning skills. The room my friend and I stayed in was very well kept and well heated. The bed was super cozy, and great to sleep in after spending the day and night out. The bathroom was great as well. I rate Candy and her apartment 5 stars! :-)",    "host_name": "Candy",    "host_id": "36656552"   } 
