  {    "id": "6987560",    "reviewer_name": "Ines",    "reviewer_id": "45823035",    "date": "2015/10/12",    "comments": "This was my first Airbnb experience so I was a bit weary upon booking this space. I was in the city for a wedding and wanted a place close to the venue. I waited until the last minute so I was scrambling to find a place. Krista was super quick with responding not only to the room request but with additional questions I had. Despite not having the opportunity to meet her she made sure that the keys were left for me and texted to check in and make sure I didn't need anything. The space was spacious as described and seen in pictures. The  apartment was clean and she had an air mattress ready with linens and a towel. She was really accommodating with check in and also gave me the opportunity to leave a little after check out time. She made me feel welcome and it was a great first time experience.",    "host_name": "Krista",    "host_id": "36635245"   } 
