  {    "id": "7095125",    "reviewer_name": "Jack",    "reviewer_id": "120918",    "date": "2015/11/23",    "comments": "The room was what we expected and Candy was a great host.  Got our keys fine and was able to get in and out throughout our stay without any problems.  The outside of building and entry looked pretty bad, but the apartment has been recently remodeled. Room furnishings were simple, bed was comfortable and the shower worked well. We had a number of nice conversations with Candy and she gave us some good tips on places to eat nearby.",    "host_name": "Candy",    "host_id": "36656552"   } 
