  {    "id": "7095125",    "reviewer_name": "Marianela",    "reviewer_id": "44632912",    "date": "2016/01/01",    "comments": "¡Candy fue una anfitriona fantástica! Siempre se mostró amable y dispuesta a auxiliarnos con cualquier duda. Además es una linda persona, muy divertida.    El departamento es tal como se describe en el anuncio: muy limpio, con espacio suficiente para estar cómodo y muy bien ubicado. El barrio es tranquilo y hay muchos lugares cercanos para comer rico y barato.     ¡Disfrutamos mucho nuestra estancia!",    "host_name": "Candy",    "host_id": "36656552"   } 
