  {    "id": "559118",    "reviewer_name": "Matt",    "reviewer_id": "2554048",    "date": "2013/01/04",    "comments": "Robert was a great host, really friendly, easy to chat to, gave great advice and his apartment is located right where you want to be. So close to Times Square with the ability to get away from it all for a nice meal in Hell's Kitchen. Blazer, the dog, is really good to have around the house also. I would definitely recommend a stay with Robert to anyone looking for a good time in the Big Apple.",    "host_name": "Robert",    "host_id": "2743623"   } 
