  {    "id": "7095125",    "reviewer_name": "Marie",    "reviewer_id": "38846496",    "date": "2015/10/25",    "comments": "j'ai été déçue par l'accueil de candy, j'en suis désolée. Arrivée à 16h passée sur place (les arrivées sont autorisées à partir de 15h), la chambre n'était pas prête ! Candy étant dans son appartement à mon arrivée, elle m'a accueillie cependant gentiment et a préparé la chambre. Je  n'ai pu m'installer que quelques heures plus tard. Sinon, la chambre correspond bien au descriptif de l'annonce. La literie est confortable et l'emplacement idéal, proche des commerces. L'immeuble est vétuste.",    "host_name": "Candy",    "host_id": "36656552"   } 
