  {    "id": "7095125",    "reviewer_name": "Anil",    "reviewer_id": "10578764",    "date": "2015/10/15",    "comments": "I stayed with a friend for 2 days at Candy's place. The apartment is in a  great and walkable neighborhood that is well connected to NYC subway's system. The room and apartment are recently renovated which made my stay very pleasant. The room I stayed in, left to the bathroom, can be a bit noisy if someone is using the restroom or shower, especially late at night or early mornings. But this is minor and the room, imo,  is well-suited if you are out and about and need a place to stay. The bed is comfy too! Slept like a baby. And the rooftop view is a nice extra perk. I did not meet Candy in person but she left clear instructions and communicates quick and well, even-though she was on a different continent at the time of my check in. Thanks for that and letting me stay at your place, Candy!",    "host_name": "Candy",    "host_id": "36656552"   } 
