  {    "id": "7095125",    "reviewer_name": "Lizzie",    "reviewer_id": "36036358",    "date": "2015/08/23",    "comments": "The flat is exactly the description from Candy, and the pictures as well. What I appreciated is that it was really clean and my room was spacious enough with a really confortable bed. Moreover it is really quiet to sleep and I enjoyed my stay here in NYC. It was only 2 nights so I did not really see Candy since I was always going out but Candy was really nice and helpful :) Thanks again Candy!",    "host_name": "Candy",    "host_id": "36656552"   } 
