  {    "id": "559118",    "reviewer_name": "Norma",    "reviewer_id": "2858940",    "date": "2012/07/15",    "comments": "Robert was an awesome host.  His apt was just like he advertised.  The bed was really comfortable and his dog was super cute.  He gave us great recommendations on were to visit around town.  Robert also provided breakfast which was a plus.  We really enjoyed our stay and would definitely contact Robert next time we are in NYC.  ",    "host_name": "Robert",    "host_id": "2743623"   } 
