  {    "id": "7095125",    "reviewer_name": "Marz",    "reviewer_id": "8732167",    "date": "2015/10/20",    "comments": "Thank you Candy for accommodating us. :) We thoroughly enjoyed our stay in New York City.  Whenever we have queries you make sure that you get back to us immediately even though you are on holidays.  Your place is immaculately clean, the bed is so nice and comfortable. We really felt like we are at home. :) I would love to meet you in the future if given the chance to go back to NYC once again. Thank you so much.",    "host_name": "Candy",    "host_id": "36656552"   } 
