  {    "id": "559118",    "reviewer_name": "Jennifer",    "reviewer_id": "12369156",    "date": "2014/03/09",    "comments": "What a great place! Close to Time Square and the Subways. My son an I stayed here for a week and it worked out great! Robert and Blazer where great hosts and really helped us get around New York with ease. Roberts place may be small, but it was all we needed since we were rarely there. The place is kept really clean and Blazer became a great friend. Robert was very accommodating and having breakfast for us every morning was a great treat! I worried about his place being on the 6th floor, but I counted it as part of my daily exercise. If we're back in New York you can bet we'll be staying here again! ",    "host_name": "Robert",    "host_id": "2743623"   } 
