  {    "id": "559118",    "reviewer_name": "Michael",    "reviewer_id": "1130305",    "date": "2012/08/17",    "comments": "Perfect place for my stay; two blocks from Times Square but in a quiet, hip neighborhood.  Also two blocks from the Signature Theater, which is worth a trip in itself.  Robert was gracious, respectful, and for me, having a friendly dog there was a wonderful touch.      You will need to carry your suitcase to the 6th floor, which was OK for me, but I am only 68 years old and in good health.  ",    "host_name": "Robert",    "host_id": "2743623"   } 
