  {    "id": "3120677",    "reviewer_name": "Marcus",    "reviewer_id": "3558658",    "date": "2014/10/20",    "comments": "Unfortunately, I have not met Albina personally, but like a good spirit she took care of everything perfectly in the background, very communicative and helpful host, totally recommend to stay with her. The room is lovely and cozy, full of charisma, even the shared flat is a pretty peaceful place to hang out. Life is just around the corner, and a great starting point for Manhattan.",    "host_name": "Albina",    "host_id": "6584574"   } 
