  {    "id": "7095125",    "reviewer_name": "Cindy",    "reviewer_id": "36205569",    "date": "2015/09/25",    "comments": "Candy was a wonderful host! She recommended awesome places to eat and sight see and it was so interesting exchanging conversations and learning about each other's cultures and experiences. The neighbourhood is friendly, a walk away from Soho, Little Italty, China Town and convenience to subway and bus routes. ",    "host_name": "Candy",    "host_id": "36656552"   } 
