  {    "id": "559118",    "reviewer_name": "Heida",    "reviewer_id": "2565568",    "date": "2012/09/13",    "comments": "Robert was the best host EVER! He was really helpful with everything and his apartment was really nice and we felt at home there. We had our complete space which was cozy!  The location was also perfect, a short walk to everything :) Time Square just a couple blocks away!   Robert is really friendly and fun, he provided breakfast which was really nice. We felt spoiled :)))   Also his dog Blazer was adorable! He is really fun and loves people.   ALOT of thanks to Robert, which was a huge part of why our trip was so awesome :)   I highly recommend staying with Robert :)",    "host_name": "Robert",    "host_id": "2743623"   } 
