  {    "id": "7095125",    "reviewer_name": "Claude",    "reviewer_id": "42270987",    "date": "2015/10/30",    "comments": "  Appartement très bien situé aux carrefours des quartiers animés, mais l'appartement ou étions avait un accès difficile 3 étages très raide sans ascenseur, cage d'escalier très sale (mégots urine odeur de poisson).  Appartement  propre et calme, lit principal grand et très confortable par contre le lit de la 3 ème personne matelas pneumatique a même le sol dans la même chambre ça faisait très serré . De plus pas de rangement pour les 3 grosses valises  ni sous le lit ni dans le placard encombré. Il a fallu batailler avec Candy pour \" avoir le droit\" de pendre nos affaires dans ce placard. Description des autres pièces conformes sauf que Candy habitait dans l'appartement ( non mentionné dans l'annonce)  et que la cohabitation fut difficile. Elle prenait des douches la nuit et  nous réveillait à chaque fois . Pour l'accès a la cuisine idem il a fallu demander \"vivement\" pour avoir de la place dans le frigo pour les petits déjeuner et sa chambre donnait sur celle ci . Candy ne fut pas très chaleureuse avec nous, chaque demande de renseignement personnalisé elle nous renvoyait vers internet .  Bref on  s'est débrouillé seuls en évitant le contact de CANDY  qui n'est pas à notre avis à la hauteur pour recevoir des touristes chez elle. Première fois Airnb pas très convaincante.",    "host_name": "Candy",    "host_id": "36656552"   } 
