  {    "id": "7095125",    "reviewer_name": "Dominic",    "reviewer_id": "39052740",    "date": "2015/10/13",    "comments": "Meine Freundin und ich waren eine Woche in New York.  Die Lage ist sehr gut! Mit der Subway erreicht man gut verschiedenste Touristenziele in New York. Auch zu Fuss kann man New York bestens erkunden.  Die Wohnung war nett eingerichtet. Sowohl das Schlafzimmer, wie auch das Badezimmer waren sauber (Sauberkeit ist mir sehr wichtig)!  Die Schlüsselübergabe bei der Ankunft war äusserst mühsam! Unsere Gastgeberin hat uns die Informationen, wo die Schlüssel hinterlegt sind, zu spät übermittelt, so dass wir angekommen in NY zuerst einmal 2 Stunden herumfragen, suchen und mit Airbnb telefonieren mussten (Bei Buchung darauf achten).  Beim Check-out war keine Flexibiltät. 11 Uhr vormittags war Check-out. Da wir erst nachts abflogen, mussten wir unser Gepäck (für 10 Dollar pro Gepäckstück) bei einer Firma (von der Gastgeberin empfohlen) abgeben.",    "host_name": "Candy",    "host_id": "36656552"   } 
