  {    "id": "559118",    "reviewer_name": "Adam",    "reviewer_id": "3528227",    "date": "2013/02/19",    "comments": "Robert was such a welcoming host to my friend and I during our stay. The apartment was clean and in a great location. I could not have asked for a better host and stay. A light breakfast was provided for us which we really enjoyed. Robert is very friendly and provided great ideas for us to see and do while we were there. Blazer, his dog, was very friendly and we became friends instantly. If you are staying in NYC, I HIGHLY suggest you stay with Robert. You won't regret it! Thanks again for everything Robert!",    "host_name": "Robert",    "host_id": "2743623"   } 
