  {    "id": "7095125",    "reviewer_name": "Simon",    "reviewer_id": "32488952",    "date": "2015/10/03",    "comments": "We stayed at Candy's during one week. The appartment was really really great! The room was clean, brandly renoved,...   We dind't spend much time at the apartment, because we were visiting all day long. Candy was nice, she made sure that we had everything to be happy. The location is great. There is a subway station in 2 minutes.   The neighborhood is quiet (except when it rains ;) )    Thank you for everything !",    "host_name": "Candy",    "host_id": "36656552"   } 
