  {    "id": "7095125",    "reviewer_name": "Young",    "reviewer_id": "52431039",    "date": "2016/01/06",    "comments": "The location of this apt is more than great. Just walk down 1 mins there is little Italy and China town where you can find many bars and food. And it is really near to the subway, which basically can take you to everywhere you want to be. Candy is a great host, her apt is cozy and clean. I would definitely recommend it to my friends. ",    "host_name": "Candy",    "host_id": "36656552"   } 
