  {    "id": "7652181",    "reviewer_name": "Heath",    "reviewer_id": "5528953",    "date": "2015/10/25",    "comments": "Felix was a great host, I would happily stay here again. Felix's apartment is really incredibly furnished and decorated too, so if you need some colour and beauty in your airbnb location - this is for you. The room itself being one level up and with a window facing the street means its a noisy stay though. Lots of nightlife and construction and traffic. So perhaps pack some earplugs :) The location is wonderful too. Perfect place to explore Brooklyn, everything you need in walking distance, shops cafes etc - and a short subway ride to Manhattan. The outdoor deck is fantastic too.",    "host_name": "Felix",    "host_id": "63607"   } 
