  {    "id": "559118",    "reviewer_name": "Federico",    "reviewer_id": "3757751",    "date": "2012/11/23",    "comments": "Robert is a perfect host, he gives us many tips and suggestions for a better way of living NY as a new yorker.  Blazer is so lovely and we became friend from the beginning.  Robert's house is very cute and comfortable, it's also well served by MTA (subway and bus) but you can easily walk to Times Square (3 blocks away), Madison Square Garden, Empire State Building, ...  Hell's kitchen is a good place to eat & drink.  On our next tour in NY, no doubt, this will be our first choice",    "host_name": "Robert",    "host_id": "2743623"   } 
