  {    "id": "559118",    "reviewer_name": "Nancy",    "reviewer_id": "2862618",    "date": "2012/10/01",    "comments": "Exactly as described and perfect for our needs.  (Well, normal people would not pack five suitcases for a vacation ending with a stay in a 6th floor walk up but we were warned!)   Owner was warm, welcoming, helpful and very quiet.  The apartment is small but we didn't feel at all crowded.  The location is more than superb - three long blocks to Times square (including subway and buses) and in the other direction to a running path on the Hudson River and fun restaurants all around.  It was hot and humid but the apartment has two air conditioners/fans which also served as white noise for a great night's sleep.  Kitchen/bath/linens all spic and span - unlike the building's hallways - but ignore them and enjoy the light and bright home of a New Yorker!  Blazer the dog was a friendly and incredibly well-behaved bonus!  Owner provided basic breakfast essentials which got us off to a good start every day.  Note: you do have to walk by the pull-out sofa he sleeps on to get to the bathroom and the kitchen.  We did not mind this at all, and our schedules were similar so we all seemed to be awake and sleeping at pretty much the same time.",    "host_name": "Robert",    "host_id": "2743623"   } 
